"","p_CA.1","p_CNA.1","p_NCA.1","p_NCNA.1","p_CA.2","p_CNA.2","p_NCA.2","p_NCNA.2","p_CA.3","p_CNA.3","p_NCA.3","p_NCNA.3","p_CA.4","p_CNA.4","p_NCA.4","p_NCNA.4"
"A implies C",0.462,0.247333333333333,0.0263333333333333,0.264,0.373333333333333,0.094,0.018,0.514666666666667,0,0,0,0,0.038,0.415333333333333,0.38,0.166333333333333
"A implies -C",0.444666666666667,0.261,0.0446666666666667,0.249333333333333,0.323333333333333,0.126666666666667,0.0326666666666667,0.517,0,0,0,0,0.017,0.480666666666667,0.352,0.150333333333333
"-A implies C",0.407333333333333,0.454333333333333,0.0293333333333333,0.109333333333333,0.384,0.468333333333333,0.0263333333333333,0.121333333333333,0,0,0,0,0.0156666666666667,0.673,0.267,0.0443333333333333
"-A implies -C",0.475666666666667,0.057,0.025,0.442333333333333,0.377333333333333,0.0503333333333333,0.019,0.553,0,0,0,0,0.0286666666666667,0.119333333333333,0.405,0.447
"C implies A",0.62,0.078,0.035,0.267333333333333,0.451333333333333,0.04,0.0223333333333333,0.486,0,0,0,0,0.072,0.0416666666666667,0.751,0.135
"C implies -A",0.176333333333333,0.572333333333333,0.011,0.240333333333333,0.145,0.344,0.00966666666666667,0.501333333333333,0,0,0,0,0.014,0.581333333333333,0.272333333333333,0.132666666666667
"-C implies A",0.725,0.161,0.0706666666666667,0.043,0.746666666666667,0.128,0.072,0.0533333333333333,0,0,0,0,0.0233333333333333,0.498,0.437666666666667,0.0406666666666667
"-C implies -A",0.384666666666667,0.252333333333333,0.0176666666666667,0.345333333333333,0.339666666666667,0.0973333333333333,0.0166666666666667,0.546333333333333,0,0,0,0,0.00766666666666667,0.386,0.132666666666667,0.474333333333333
"A ind. C",0.296333333333333,0.520666666666667,0.077,0.105666666666667,0.259,0.485,0.113666666666667,0.142333333333333,0.291,0.438333333333333,0.124666666666667,0.146,0.255333333333333,0.248666666666667,0.318333333333333,0.177
