"","p_CA.1","p_CNA.1","p_NCA.1","p_NCNA.1","p_CA.2","p_CNA.2","p_NCA.2","p_NCNA.2","p_CA.3","p_CNA.3","p_NCA.3","p_NCNA.3","p_CA.4","p_CNA.4","p_NCA.4","p_NCNA.4"
"A implies C",0.229333333333333,0.122666666666667,0.0126666666666667,0.131,0.125333333333333,0.0313333333333333,0.006,0.173,0,0,0,0,0,0,0,0
"A implies -C",0,0,0,0,0,0,0,0,0,0,0,0,0.006,0.168666666666667,0.123666666666667,0.0526666666666667
"-A implies C",0.0103333333333333,0.0116666666666667,0.001,0.00266666666666667,0,0,0,0,0,0,0,0,0.00233333333333333,0.103333333333333,0.041,0.007
"-A implies -C",0.025,0.003,0.001,0.023,0.0626666666666667,0.00833333333333333,0.00333333333333333,0.092,0,0,0,0,0,0.001,0.003,0.00333333333333333
"C implies A",0.058,0.00733333333333333,0.00333333333333333,0.025,0.0596666666666667,0.00533333333333333,0.003,0.064,0,0,0,0,0,0,0,0
"C implies -A",0.001,0.00433333333333333,0,0.002,0,0,0,0.000333333333333333,0,0,0,0,0.005,0.207333333333333,0.0966666666666667,0.0476666666666667
"-C implies A",0,0,0,0,0,0,0,0,0,0,0,0,0.00266666666666667,0.054,0.0476666666666667,0.00433333333333333
"-C implies -A",0.122333333333333,0.0806666666666667,0.00566666666666667,0.110333333333333,0.123666666666667,0.0356666666666667,0.006,0.199333333333333,0,0,0,0,0,0.002,0.000666666666666667,0.00233333333333333
"A ind. C",0.00166666666666667,0.004,0,0.000666666666666667,0,0,0,0,0.291,0.438333333333333,0.124666666666667,0.146,0.002,0.00133333333333333,0.0116666666666667,0.00433333333333333
