"","p_CA.1","p_CNA.1","p_NCA.1","p_NCNA.1","p_CA.2","p_CNA.2","p_NCA.2","p_NCNA.2","p_CA.3","p_CNA.3","p_NCA.3","p_NCNA.3","p_CA.4","p_CNA.4","p_NCA.4","p_NCNA.4"
"A implies C",0.202666666666667,0.109,0.009,0.101666666666667,0.167666666666667,0.0356666666666667,0.00733333333333333,0.135,0,0,0,0,0,0,0,0
"A implies -C",0,0,0,0,0,0,0,0,0,0,0,0,0.00433333333333333,0.116666666666667,0.0983333333333333,0.047
"-A implies C",0.0303333333333333,0.0323333333333333,0.002,0.003,0.004,0.00433333333333333,0,0,0,0,0,0,0.00133333333333333,0.069,0.027,0.00466666666666667
"-A implies -C",0.0276666666666667,0.00266666666666667,0.001,0.026,0.071,0.00633333333333333,0.00366666666666667,0.0686666666666667,0,0,0,0,0.001,0.001,0.0116666666666667,0.0106666666666667
"C implies A",0.0716666666666667,0.00666666666666667,0.00366666666666667,0.0256666666666667,0.112,0.00666666666666667,0.00533333333333333,0.0586666666666667,0,0,0,0,0,0,0.00133333333333333,0.000333333333333333
"C implies -A",0.002,0.008,0,0.003,0,0.00133333333333333,0,0.00133333333333333,0,0,0,0,0.00266666666666667,0.141333333333333,0.0653333333333333,0.0353333333333333
"-C implies A",0.00533333333333333,0.00166666666666667,0.000333333333333333,0,0.00133333333333333,0,0,0,0,0,0,0,0.002,0.035,0.0366666666666667,0.00333333333333333
"-C implies -A",0.106333333333333,0.0716666666666667,0.004,0.0963333333333333,0.122333333333333,0.0323333333333333,0.00466666666666667,0.143666666666667,0,0,0,0,0,0.003,0.001,0.003
"A ind. C",0.0226666666666667,0.0203333333333333,0.00166666666666667,0.00133333333333333,0.003,0.00266666666666667,0,0,0.501666666666667,0.433333333333333,0.035,0.03,0.00966666666666667,0.009,0.13,0.128333333333333
